slug,naam,plaats,ma,di,wo,do,vr,za,zo,bron
dierenartsenpraktijk-mosselman-dierenarts-in-s-gravenpolder,Dierenartsenpraktijk Mosselman,'s-Gravenpolder,,,,,,,,
veterinair-centrum-zuid-holland-dierenkliniek-s-gravenzande-dierenarts-in-s-gravenzande,Veterinair Centrum Zuid-Holland - Dierenkliniek 's-Gravenzande,'s-Gravenzande,,,,,,,,
dierenkliniek-het-lamprei-dierenarts-in-s-heerenberg,Dierenkliniek Het Lamprei,'s-Heerenberg,,,,,,,,
artsen-voor-dieren-locatie-centrum-dierenarts-in-s-hertogenbosch,Artsen voor Dieren - locatie Centrum,'s-Hertogenbosch,,,,,,,,
artsen-voor-dieren-locatie-orthen-dierenarts-in-s-hertogenbosch,Artsen voor Dieren - locatie Orthen,'s-Hertogenbosch,,,,,,,,
dierenkliniek-den-bosch-noord-dierenarts-in-s-hertogenbosch,Dierenkliniek Den Bosch Noord,'s-Hertogenbosch,,,,,,,,
dierenkliniek-den-bosch-west-dierenarts-in-s-hertogenbosch,Dierenkliniek Den Bosch West,'s-Hertogenbosch,,,,,,,,
dierenartsenpraktijk-uithoorn-aalsmeer-locatie-aalsmeer-dierenarts-in-aalsmeer,Dierenartsenpraktijk Uithoorn-Aalsmeer - locatie Aalsmeer,Aalsmeer,,,,,,,,
slingeland-dierenartsen-dierenarts-in-aalten,Slingeland Dierenartsen,Aalten,,,,,,,,
dap-abcoude-dierenarts-in-abcoude,DAP Abcoude,Abcoude,,,,,,,,
dap-proosdijlanden-dierenarts-in-abcoude,DAP Proosdijlanden,Abcoude,,,,,,,,
dierenartsenpraktijk-mid-fryslan-dierenarts-in-akkrum,Dierenartsenpraktijk Mid-Fryslan,Akkrum,,,,,,,,
dierenkliniek-de-waard-dierenarts-in-alblasserdam,Dierenkliniek De Waard,Alblasserdam,,,,,,,,
dierenkliniek-alkmaar-dierenarts-in-alkmaar,Dierenkliniek Alkmaar,Alkmaar,,,,,,,,
dierenkliniek-oudorp-dierenarts-in-alkmaar,Dierenkliniek Oudorp,Alkmaar,,,,,,,,
dierenkliniek-stad-alkmaar-dierenarts-in-alkmaar,Dierenkliniek Stad Alkmaar,Alkmaar,,,,,,,,
dierenkliniek-almeloord-dierenarts-in-almelo,Dierenkliniek Almeloord,Almelo,,,,,,,,
dierenkliniek-de-kooikershof-dierenarts-in-almelo,Dierenkliniek de Kooikershof,Almelo,,,,,,,,
diergeneeskundig-centrum-twente-dierenarts-in-almelo,Diergeneeskundig Centrum Twente,Almelo,,,,,,,,
gezelschapsdierenpraktijk-aalderinkshoek-dierenarts-in-almelo,Gezelschapsdierenpraktijk Aalderinkshoek,Almelo,,,,,,,,
dierenkliniek-almere-stad-dierenarts-in-almere,Dierenkliniek Almere-Stad,Almere,,,,,,,,
dierenkliniek-blommaart-dierenarts-in-almere,Dierenkliniek Blommaart,Almere,,,,,,,,
dierenkliniek-buiten-mere-dierenarts-in-almere,Dierenkliniek Buiten-Mere,Almere,,,,,,,,
dierenkliniek-filmwijk-dierenarts-in-almere,Dierenkliniek Filmwijk,Almere,,,,,,,,
dierenkliniek-hof-dierenarts-in-almere,Dierenkliniek Hof,Almere,,,,,,,,
dierenkliniek-hof-haven-dierenarts-in-almere,Dierenkliniek Hof - Haven,Almere,,,,,,,,
dierenziekenhuis-almere-dierenarts-in-almere,Dierenziekenhuis Almere,Almere,,,,,,,,
diergeneeskundig-centrum-almere-dierenarts-in-almere,Diergeneeskundig Centrum Almere,Almere,,,,,,,,
dierenartsenpraktijk-de-hagmolen-dierenarts-in-ambt-delden,Dierenartsenpraktijk de Hagmolen,Ambt Delden,,,,,,,,
abc-voor-dieren-dierenarts-in-amersfoort,ABC voor Dieren,Amersfoort,,,,,,,,
beterbeest-dierenartsen-dierenarts-in-amersfoort,BeterBeest Dierenartsen,Amersfoort,,,,,,,,
caressa-dierenkliniek-amersfoort-dierenarts-in-amersfoort,Caressa Dierenkliniek Amersfoort,Amersfoort,,,,,,,,
dierenkliniek-keistad-amersfoort-dierenarts-in-amersfoort,Dierenkliniek AniCura Amersfoort,Amersfoort,,,,,,,,
dkl-de-berg-dierenarts-in-amersfoort,DKL De Berg,Amersfoort,,,,,,,,
dierenkliniek-stad-amstelveen-dierenarts-in-amstelveen,Dierenkliniek Stad Amstelveen,Amstelveen,,,,,,,,
caressa-dierenkliniek-76-amsterdam-dierenarts-in-amsterdam,Caressa Dierenkliniek 76 Amsterdam,Amsterdam,,,,,,,,
caressa-dierenkliniek-amsterdam-centrum-oost-dierenarts-in-amsterdam,Caressa Dierenkliniek Amsterdam Centrum Oost,Amsterdam,,,,,,,,
caressa-dierenkliniek-amsterdam-ijburg-dierenarts-in-amsterdam,Caressa Dierenkliniek Amsterdam IJburg,Amsterdam,,,,,,,,
caressa-dierenziekenhuis-amsterdam-sloten-dierenarts-in-amsterdam,Caressa Dierenziekenhuis Amsterdam Sloten,Amsterdam,,,,,,,,
dap-h-m-huisman-j-d-wahl-dierenarts-in-amsterdam,DAP H.M. Huisman - J.D. Wahl,Amsterdam,,,,,,,,
dierendokters-amsterdam-dierenarts-in-amsterdam,DierenDokters Amsterdam,Amsterdam,,,,,,,,
dierenkliniek-amsterdam-locatie-frederik-hendrikstraat-dierenarts-in-amsterdam,Dierenkliniek Amsterdam - locatie Frederik Hendrikstraat,Amsterdam,,,,,,,,
dierenkliniek-amsterdam-locatie-rembrandtpark-dierenarts-in-amsterdam,Dierenkliniek Amsterdam - locatie Rembrandtpark,Amsterdam,,,,,,,,
dierenkliniek-amsterdam-locatie-westerpark-dierenarts-in-amsterdam,Dierenkliniek Amsterdam - locatie Westerpark,Amsterdam,,,,,,,,
dierenkliniek-bokhove-dierenarts-in-amsterdam,Dierenkliniek Bokhove,Amsterdam,,,,,,,,
dierenkliniek-buitenveldert-dierenarts-in-amsterdam,Dierenkliniek Buitenveldert,Amsterdam,,,,,,,,
dierenkliniek-europaplein-dierenarts-in-amsterdam,Dierenkliniek Europaplein,Amsterdam,,,,,,,,
dierenkliniek-het-hart-van-zuid-dierenarts-in-amsterdam,Dierenkliniek Het Hart van Zuid,Amsterdam,,,,,,,,
dierenkliniek-osdorp-dierenarts-in-amsterdam,Dierenkliniek Osdorp,Amsterdam,,,,,,,,
dierenkliniek-rivierenbuurt-dierenarts-in-amsterdam,Dierenkliniek Rivierenbuurt,Amsterdam,,,,,,,,
dierenkliniek-stad-amsterdam-dierenarts-in-amsterdam,Dierenkliniek Stad Amsterdam,Amsterdam,,,,,,,,
dierenkliniek-vondelpark-dierenarts-in-amsterdam,Dierenkliniek Vondelpark,Amsterdam,,,,,,,,
dierenkliniek-apeldoorn-noord-dierenarts-in-apeldoorn,Dierenkliniek Apeldoorn Noord,Apeldoorn,,,,,,,,
groepspraktijk-dierenartsen-apeldoorn-gemzenstraat-dierenarts-in-apeldoorn,Groepspraktijk Dierenartsen Apeldoorn - Gemzenstraat,Apeldoorn,,,,,,,,
groepspraktijk-dierenartsen-apeldoorn-waleweingaarde-dierenarts-in-apeldoorn,Groepspraktijk Dierenartsen Apeldoorn - Waleweingaarde,Apeldoorn,,,,,,,,
dierenartsenpraktijk-dwingeloo-appelscha-dierenarts-in-appelscha,Dierenartsenpraktijk Dwingeloo-Appelscha,Appelscha,,,,,,,,
dierenartsenpraktijk-van-zeebroeck-dierenarts-in-appingedam,Dierenartsenpraktijk Van Zeebroeck,Appingedam,,,,,,,,
dierenkliniek-dallenga-dierenarts-in-appingedam,Dierenkliniek Dallenga,Appingedam,,,,,,,,
dierenkliniek-arkel-dierenarts-in-arkel,Dierenkliniek Arkel,Arkel,,,,,,,,
dap-neederrijn-dierenarts-in-arnhem,DAP Neederrijn,Arnhem,,,,,,,,
huisdierenkliniek-hornstra-dierenarts-in-arnhem,Huisdierenkliniek Hornstra,Arnhem,,,,,,,,
mijn-dierenarts-arnhem-dierenarts-in-arnhem,Mijn Dierenarts Arnhem,Arnhem,,,,,,,,
mijn-dierenarts-nederrijn-dierenarts-in-arnhem,Mijn Dierenarts Nederrijn,Arnhem,,,,,,,,
dierenartsenpraktijk-dsa-dierenarts-in-assen,Dierenartsenpraktijk DSA,Assen,,,,,,,,
dierenkliniek-assen-dierenarts-in-assen,Dierenkliniek Assen,Assen,,,,,,,,
dierenziekenhuis-assen-dierenarts-in-assen,Dierenziekenhuis Assen,Assen,,,,,,,,
plusdiernklinieken-saendelft-dierenarts-in-assendelft,PlusDiernklinieken Saendelft,Assendelft,,,,,,,,
dap-asten-dierenarts-in-asten,DAP Asten,Asten,,,,,,,,
gezelschapsdierenkliniek-de-eenhoorn-dierenarts-in-asten,Gezelschapsdierenkliniek de Eenhoorn,Asten,,,,,,,,
dierenkliniek-axel-dierenarts-in-axel,Dierenkliniek Axel,Axel,,,,,,,,
anicura-baarn-dierenarts-in-baarn,AniCura Baarn,Baarn,,,,,,,,
dierenkliniek-baarn-dierenarts-in-baarn,Dierenkliniek Baarn,Baarn,,,,,,,,
dierenkliniek-stad-badhoevedorp-dierenarts-in-badhoevedorp,Dierenkliniek Stad Badhoevedorp,Badhoevedorp,,,,,,,,
dierenkliniek-bakel-dierenarts-in-bakel,Dierenkliniek Bakel,Bakel,,,,,,,,
dierenartsenpraktijk-gaasterland-dierenarts-in-balk,Dierenartsenpraktijk Gaasterland,Balk,,,,,,,,
dierenkliniek-ridderkerk-locatie-middenbaan-dierenarts-in-barendrecht,Dierenkliniek Ridderkerk - locatie Middenbaan,Barendrecht,,,,,,,,
groepspraktijk-dierenartsen-dierenarts-in-barneveld,Groepspraktijk Dierenartsen,Barneveld,,,,,,,,
dmc-de-roosberg-dierenarts-in-bavel,DMC De Roosberg,Bavel,,,,,,,,
dierenkliniek-de-hagmolen-dierenarts-in-beckum,Dierenkliniek de Hagmolen,Beckum,,,,,,,,
van-stad-tot-wad-locatie-bedum-dierenarts-in-bedum,Van Stad tot Wad - Locatie Bedum,Bedum,,,,,,,,
diergeneeskundig-centrum-beek-dierenarts-in-beek,Diergeneeskundig Centrum Beek,Beek,,,,,,,,
huisdierenpraktijk-beilen-dierenarts-in-beilen,Huisdierenpraktijk Beilen,Beilen,,,,,,,,
dierenartsenpraktijk-beltrum-dierenarts-in-beltrum,Dierenartsenpraktijk Beltrum,Beltrum,,,,,,,,
dierenkliniek-bemelen-dierenarts-in-bemelen,Dierenkliniek Bemelen,Bemelen,,,,,,,,
dierenkliniek-lingewaard-dierenarts-in-bemmel,Dierenkliniek Lingewaard,Bemmel,,,,,,,,
bosweide-dierenartsen-dierenarts-in-bennekom,Bosweide Dierenartsen,Bennekom,,,,,,,,
dierenkliniek-benschop-oudewater-locatie-benschop-dierenarts-in-benschop,Dierenkliniek Benschop Oudewater - locatie Benschop,Benschop,,,,,,,,
crimpenerwaert-dierenartsen-dierenarts-in-bergambacht,Crimpenerwaert Dierenartsen,Bergambacht,,,,,,,,
dierenkliniek-de-kempen-dierenarts-in-bergeijk,Dierenkliniek de Kempen,Bergeijk,,,,,,,,
dierenkliniek-de-kempen-locatie-bergeijk-dierenarts-in-bergeijk,Dierenkliniek De Kempen - Locatie Bergeijk,Bergeijk,,,,,,,,
dierenartsenpraktijk-de-zuidwesthoek-dierenarts-in-bergen-op-zoom,Dierenartsenpraktijk de Zuidwesthoek,Bergen op Zoom,,,,,,,,
dap-berghem-dierenartsenpraktijk-dierenarts-in-berghem,"DAP Berghem, Dierenartsenpraktijk",Berghem,,,,,,,,
dierenkliniek-berkel-en-rodenrijs-dierenarts-in-berkel-en-rodenrijs,Dierenkliniek Berkel en Rodenrijs,Berkel en Rodenrijs,,,,,,,,
anicura-dierenziekenhuis-tilburg-dierenarts-in-berkel-enschot,Anicura Dierenziekenhuis Tilburg,Berkel-Enschot,,,,,,,,
dierenkliniek-verstappen-dierenarts-in-best,Dierenkliniek Verstappen,Best,,,,,,,,
dierenkliniek-beuningen-dierenarts-in-beuningen,Dierenkliniek Beuningen,Beuningen,,,,,,,,
dierenkliniek-duinwijklaan-dierenarts-in-beverwijk,Dierenkliniek Duinwijklaan,Beverwijk,,,,,,,,
diernkliniek-bladel-dierenarts-in-bladel,Diernkliniek Bladel,Bladel,,,,,,,,
dierenartsenpraktijk-horst-locatie-blerick-dierenarts-in-blerick,Dierenartsenpraktijk Horst - locatie Blerick,Blerick,,,,,,,,
dierenkliniek-blerick-dierenarts-in-blerick,Dierenkliniek Blerick,Blerick,,,,,,,,
praktijk-voor-kleine-huisdieren-terpelan-dierenarts-in-blije,Praktijk voor Kleine Huisdieren Terpelân,Blije,,,,,,,,
dierenkliniek-stad-blokker-dierenarts-in-blokker,Dierenkliniek Stad Blokker,Blokker,,,,,,,,
dierenartsen-blokzijl-dierenarts-in-blokzijl,Dierenartsen Blokzijl,Blokzijl,,,,,,,,
dierenartsenpraktijk-bodegraven-dierenarts-in-bodegraven,Dierenartsenpraktijk Bodegraven,Bodegraven,,,,,,,,
dierenartsenpraktijk-bolsward-dierenarts-in-bolward,Dierenartsenpraktijk Bolsward,Bolward,,,,,,,,
diergeneeskundig-centrum-bekenland-dierenarts-in-borculo,Diergeneeskundig Centrum Bekenland,Borculo,,,,,,,,
dierenkliniek-op-de-diek-locatie-born-dierenarts-in-born,Dierenkliniek Op de Diek - Locatie Born,Born,,,,,,,,
dierenkliniek-de-tweesprong-dierenarts-in-borne,Dierenkliniek de Tweesprong,Borne,,,,,,,,
drents-friese-wold-dierenartsen-locatie-bovensmilde-dierenarts-in-bovensmilde,Drents Friese Wold Dierenartsen - locatie Bovensmilde,Bovensmilde,,,,,,,,
dier-dierenarts-in-boxmeer,Dier,Boxmeer,,,,,,,,
dierenartsenpraktijk-boxmeer-dierenarts-in-boxmeer,Dierenartsenpraktijk Boxmeer,Boxmeer,,,,,,,,
dierenkliniek-ginneken-dierenarts-in-breda,Dierenkliniek Ginneken,Breda,,,,,,,,
dierenkliniek-poolseweg-dierenarts-in-breda,Dierenkliniek Poolseweg,Breda,,,,,,,,
dierenziekenhuis-breda-dierenarts-in-breda,Dierenziekenhuis Breda,Breda,,,,,,,,
diergeneeskundig-centrum-breda-dierenarts-in-breda,Diergeneeskundig Centrum Breda,Breda,,,,,,,,
dierenartsencentrum-west-breskens-dierenarts-in-breskens,Dierenartsencentrum West - Breskens,Breskens,,,,,,,,
de-graafschap-dierenartsen-dierenarts-in-brummen,De Graafschap Dierenartsen,Brummen,,,,,,,,
dierenartsencentrum-gardeniers-dierenarts-in-brunssum,Dierenartsencentrum Gardeniers,Brunssum,,,,,,,,
dierenkliniek-drakenmolen-dierenarts-in-brunssum,Dierenkliniek Drakenmolen,Brunssum,,,,,,,,
dierenkliniek-bunnik-dierenarts-in-bunnik,Dierenkliniek Bunnik,Bunnik,,,,,,,,
a7-noord-dierenartsen-dierenarts-in-burgum,A7 Noord dierenartsen,Burgum,,,,,,,,
sterkliniek-dierenartsen-naarden-bussum-dierenarts-in-bussum,Sterkliniek dierenartsen Naarden-Bussum,Bussum,,,,,,,,
dierenkliniek-capelle-dierenarts-in-capelle-aan-de-ijssel,Dierenkliniek Capelle,Capelle aan de IJssel,,,,,,,,
dierenkliniek-culemborg-dierenarts-in-culemborg,Dierenkliniek Culemborg,Culemborg,,,,,,,,
dierenkliniek-parijsch-dierenarts-in-culemborg,Dierenkliniek Parijsch,Culemborg,,,,,,,,
dierenkliniek-de-bilt-dierenarts-in-de-bilt,Dierenkliniek De Bilt,De Bilt,,,,,,,,
dierenkliniek-van-kop-tot-staart-locatie-de-goorn-dierenarts-in-de-goorn,Dierenkliniek van Kop tot Staart - locatie De Goorn,De Goorn,,,,,,,,
de-klomp-dierenartsen-dierenarts-in-de-klomp,De Klomp Dierenartsen,De Klomp,,,,,,,,
dierenkliniek-de-rijp-dierenarts-in-de-rijp,Dierenkliniek de Rijp,De Rijp,,,,,,,,
dierenkliniek-de-vossenbrink-dierenarts-in-delden,Dierenkliniek de Vossenbrink,Delden,,,,,,,,
caressa-dierenkliniek-delft-dierenarts-in-delft,Caressa Dierenkliniek Delft,Delft,,,,,,,,
dierenkliniek-delft-centrum-dierenarts-in-delft,Dierenkliniek Delft Centrum,Delft,,,,,,,,
dierenkliniek-delft-zuid-dierenarts-in-delft,Dierenkliniek Delft-zuid,Delft,,,,,,,,
dierenkliniek-maaspoort-dierenarts-in-den-bosch,Dierenkliniek Maaspoort,Den Bosch,,,,,,,,
dierenkliniek-hoogveld-dierenarts-in-den-bosch-hintham,Dierenkliniek Hoogveld,Den Bosch-Hintham,,,,,,,,
dierenartsenpraktijk-texel-dierenarts-in-den-burg,Dierenartsenpraktijk Texel,Den Burg,,,,,,,,
dierenkliniek-den-dolder-dierenarts-in-den-dolder,Dierenkliniek Den Dolder,Den Dolder,,,,,,,,
dap-bezuidenhout-dierenarts-in-den-haag,Dap Bezuidenhout,Den Haag,,,,,,,,
de-dierendokter-dierenarts-in-den-haag,De Dierendokter,Den Haag,,,,,,,,
dierenarts-ark-van-noach-dierenarts-in-den-haag,Dierenarts Ark van Noach,Den Haag,,,,,,,,
dierenartsenpraktijk-laakkwartier-dierenarts-in-den-haag,Dierenartsenpraktijk Laakkwartier,Den Haag,,,,,,,,
dierenartsenpraktijk-ypenburg-dierenarts-in-den-haag,Dierenartsenpraktijk Ypenburg,Den Haag,,,,,,,,
dierenkliniek-auwerda-dierenarts-in-den-haag,Dierenkliniek Auwerda,Den Haag,,,,,,,,
dierenkliniek-de-duinen-dierenarts-in-den-haag,Dierenkliniek De Duinen,Den Haag,,,,,,,,
dierenkliniek-de-vogelkelder-dierenarts-in-den-haag,Dierenkliniek De Vogelkelder,Den Haag,,,,,,,,
dierenkliniek-duinoord-dierenarts-in-den-haag,Dierenkliniek Duinoord,Den Haag,,,,,,,,
dierenkliniek-leyweg-dierenarts-in-den-haag,Dierenkliniek Leyweg,Den Haag,,,,,,,,
dierenkliniek-samen-dierenarts-in-den-haag,Dierenkliniek Samen,Den Haag,,,,,,,,
dierenkliniek-scheveningen-dierenarts-in-den-haag,Dierenkliniek Scheveningen,Den Haag,,,,,,,,
dierenkliniek-statenlaan-dierenarts-in-den-haag,Dierenkliniek Statenlaan,Den Haag,,,,,,,,
dierenkliniek-thorbeckelaan-dierenarts-in-den-haag,Dierenkliniek Thorbeckelaan,Den Haag,,,,,,,,
dierenkliniek-wateringse-veld-dierenarts-in-den-haag,Dierenkliniek Wateringse Veld,Den Haag,,,,,,,,
dierenkliniek-zuiderpark-dierenarts-in-den-haag,Dierenkliniek Zuiderpark,Den Haag,,,,,,,,
dkl-van-alkemadelaan-dierenarts-in-den-haag,DKL van Alkemadelaan,Den Haag,,,,,,,,
pets-health-dierenkliniek-den-haag-dierenarts-in-den-haag,Pets Health dierenkliniek Den Haag,Den Haag,,,,,,,,
veterinair-centrum-zuid-holland-dierenkliniek-leyweg-dierenarts-in-den-haag,Veterinair Centrum Zuid-Holland - Dierenkliniek Leyweg,Den Haag,,,,,,,,
dierenarts-van-der-kraats-dierenarts-in-den-helder,Dierenarts van der Kraats,Den Helder,,,,,,,,
dierenartspraktijk-binnenhaven-dierenarts-in-den-helder,Dierenartspraktijk Binnenhaven,Den Helder,,,,,,,,
dierenkliniek-duinpark-dierenarts-in-den-helder,Dierenkliniek Duinpark,Den Helder,,,,,,,,
sterkliniek-dierenartsen-den-helder-dierenarts-in-den-helder,Sterkliniek Dierenartsen Den Helder,Den Helder,,,,,,,,
dierenartsenpraktijk-noord-oost-twente-locatie-denekamp-dierenarts-in-denekamp,Dierenartsenpraktijk Noord Oost Twente - Locatie Denekamp,Denekamp,,,,,,,,
dierenarts-deventer-dierenarts-in-deventer,Dierenarts Deventer,Deventer,,,,,,,,
de-graafschap-dierenartsen-dierenarts-in-didam,De Graafschap Dierenartsen,Didam,,,,,,,,
dierenziekenhuis-diemen-dierenarts-in-diemen,Dierenziekenhuis Diemen,Diemen,,,,,,,,
de-graafschap-dierenartsen-dierenarts-in-dieren,De Graafschap Dierenartsen,Dieren,,,,,,,,
dierenkliniek-diessen-dierenarts-in-diessen,Dierenkliniek Diessen,Diessen,,,,,,,,
drents-friese-wold-dierenartsen-locatie-diever-dierenarts-in-diever,Drents Friese Wold Dierenartsen - locatie Diever,Diever,,,,,,,,
de-graafschap-dierenartsen-dierenarts-in-doesburg,De Graafschap Dierenartsen,Doesburg,,,,,,,,
aai-dierenkliniek-dichteren-dierenarts-in-doetinchem,Aai Dierenkliniek Dichteren,Doetinchem,,,,,,,,
dierenartsenpraktijk-zelhem-locatie-doetinchem-dierenarts-in-doetinchem,Dierenartsenpraktijk Zelhem - locatie Doetinchem,Doetinchem,,,,,,,,
sterkliniek-dierenartsen-doetinchem-dierenarts-in-doetinchem,Sterkliniek Dierenartsen Doetinchem,Doetinchem,,,,,,,,
vets-place-doetinchem-dierenarts-in-doetinchem,Vets Place Doetinchem,Doetinchem,,,,,,,,
sterkliniek-dierenartsen-zeddam-dierenarts-in-doetinchem-en-zeddam,Sterkliniek Dierenartsen Zeddam,Doetinchem en Zeddam,,,,,,,,
dierenartsen-dokkum-dierenarts-in-dokkum,Dierenartsen Dokkum,Dokkum,,,,,,,,
dierenartsenpraktijk-dokkum-e-o-dierenarts-in-dokkum,Dierenartsenpraktijk Dokkum e.o.,Dokkum,,,,,,,,
dierenkliniek-dommelen-dierenarts-in-dommelen,Dierenkliniek Dommelen,Dommelen,,,,,,,,
dierenartsen-dier-en-dongen-dierenarts-in-dongen,Dierenartsen Dier en Dongen,Dongen,,,,,,,,
dierenkliniek-dongen-dierenarts-in-dongen,Dierenkliniek Dongen,Dongen,,,,,,,,
diergeneeskundig-centrum-doorn-dierenarts-in-doorn,Diergeneeskundig Centrum Doorn,Doorn,,,,,,,,
basic-vets-locatie-dordrecht-krommedijk-dierenarts-in-dordrecht,Basic Vets - locatie Dordrecht Krommedijk,Dordrecht,,,,,,,,
basic-vets-locatie-dordrecht-rechte-zandweg-dierenarts-in-dordrecht,Basic Vets - locatie Dordrecht Rechte Zandweg,Dordrecht,,,,,,,,
a7-noord-dierenartsen-dierenarts-in-drachten,A7 Noord dierenartsen,Drachten,,,,,,,,
dap-de-drait-dierenarts-in-drachten,DAP de Drait,Drachten,,,,,,,,
dierenkliniek-de-posten-dierenarts-in-drachten,Dierenkliniek de Posten,Drachten,,,,,,,,
dierenziekenhuis-drachten-dierenarts-in-drachten,Dierenziekenhuis Drachten,Drachten,,,,,,,,
dierenkliniek-hoofdstraat-dierenarts-in-driebergen-rijsenburg,Dierenkliniek Hoofdstraat,Driebergen-Rijsenburg,,,,,,,,
dap-tusken-diken-en-feanen-dierenarts-in-drogeham,DAP Tusken Diken en Feanen,Drogeham,,,,,,,,
delta-dierenartsen-dierenarts-in-dronten,Delta Dierenartsen,Dronten,,,,,,,,
vets-place-druten-dierenarts-in-druten,Vets Place Druten,Druten,,,,,,,,
care-4-animals-dierenarts-in-duiven,Care 4 animals,Duiven,,,,,,,,
dierenartsenpraktijk-dwingeloo-appelscha-dierenarts-in-dwingeloo,Dierenartsenpraktijk Dwingeloo-Appelscha,Dwingeloo,,,,,,,,
de-klomp-dierenartsen-dierenarts-in-ede,De Klomp Dierenartsen,Ede,,,,,,,,
dierenkliniek-a30-dierenarts-in-ede,Dierenkliniek A30,Ede,,,,,,,,
dap-ommelanden-dierenarts-in-eelde,DAP Ommelanden,Eelde,,,,,,,,
de-graafschap-dierenartsen-dierenarts-in-eerbeek,De Graafschap Dierenartsen,Eerbeek,,,,,,,,
de-graafschap-dierenartsen-locatie-eerbeek-dierenarts-in-eerbeek,De Graafschap Dierenartsen - locatie Eerbeek,Eerbeek,,,,,,,,
dierenkliniek-meerheide-dierenarts-in-eersel,DierenKliniek Meerheide,Eersel,,,,,,,,
gelre-dierenartsen-dierenarts-in-eibergen,Gelre Dierenartsen,Eibergen,,,,,,,,
kliniek-voor-gezelschapsdieren-eibergen-dierenarts-in-eibergen,Kliniek voor gezelschapsdieren Eibergen,Eibergen,,,,,,,,
dier-en-dokter-eindhoven-hoogstraat-dierenarts-in-eindhoven,Dier en Dokter Eindhoven Hoogstraat,Eindhoven,,,,,,,,
dier-en-dokter-eindhoven-stratum-dierenarts-in-eindhoven,Dier en Dokter Eindhoven Stratum,Eindhoven,,,,,,,,
dierenartsenpraktijk-heesterakker-dierenarts-in-eindhoven,Dierenartsenpraktijk Heesterakker,Eindhoven,,,,,,,,
dierendokters-achtse-barrier-dierenarts-in-eindhoven,DierenDokters Achtse Barrier,Eindhoven,,,,,,,,
dierendokters-kalmoesplein-dierenarts-in-eindhoven,DierenDokters Kalmoesplein,Eindhoven,,,,,,,,
dierenkliniek-dikketje-dap-dierenarts-in-eindhoven,Dierenkliniek Dikketje DAP,Eindhoven,,,,,,,,
dierenkliniek-nederlandplein-dierenarts-in-eindhoven,Dierenkliniek Nederlandplein,Eindhoven,,,,,,,,
dierenziekenhuis-eindhoven-dierenarts-in-eindhoven,Dierenziekenhuis Eindhoven,Eindhoven,,,,,,,,
petsfit-dierenartsen-dierenarts-in-eindhoven,Petsfit Dierenartsen,Eindhoven,,,,,,,,
dierenkliniek-elburg-dierenarts-in-elburg,Dierenkliniek Elburg,Elburg,,,,,,,,
de-klomp-dierenartsen-dierenarts-in-elst-gelderland,De Klomp Dierenartsen,Elst (Gelderland),,,,,,,,
dierenkliniek-emmeloord-dierenarts-in-emmeloord,dierenkliniek emmeloord,Emmeloord,,,,,,,,
dierenkliniek-t-hooy-velt-sterkliniek-emmen-dierenarts-in-emmen,"Dierenkliniek 't Hooy Velt, Sterkliniek Emmen",Emmen,,,,,,,,
dierenkliniek-t-hooy-velt-sterkliniek-emmen-dierenarts-in-emmen-2,"Dierenkliniek 't Hooy Velt, Sterkliniek Emmen",Emmen,,,,,,,,
dierenkliniek-enschede-dierenarts-in-enschede,Dierenkliniek Enschede,Enschede,,,,,,,,
dierenklinieken-heerde-epe-dierenarts-in-epe,Dierenklinieken Heerde Epe,Epe,,,,,,,,
gezelschapsdierenpraktijk-sweenslag-dierenarts-in-erp,Gezelschapsdierenpraktijk Sweenslag,Erp,,,,,,,,
dap-noord-west-friesland-dierenarts-in-franeker,DAP Noord West Friesland,Franeker,,,,,,,,
dierenartspraktijk-geesteren-dierenarts-in-geesteren,Dierenartspraktijk Geesteren,Geesteren,,,,,,,,
dierengezondheidscentrum-dierenarts-in-geldrop,DierenGezondheidsCentrum,Geldrop,,,,,,,,
dierenkliniek-de-kempen-dierenarts-in-geldrop,Dierenkliniek de Kempen,Geldrop,,,,,,,,
dierenkliniek-op-de-diek-locatie-geleen-dierenarts-in-geleen,Dierenkliniek Op de Diek - Locatie Geleen,Geleen,,,,,,,,
diergeneeskundig-centrum-bekenland-dierenarts-in-gelselaar,Diergeneeskundig Centrum Bekenland,Gelselaar,,,,,,,,
dierenartsencombinatie-maas-en-niers-dierenarts-in-gennep,Dierenartsencombinatie Maas en Niers,Gennep,,,,,,,,
dierenartsenpraktijk-de-lekstreek-dierenarts-in-giessenburg,Dierenartsenpraktijk De Lekstreek,Giessenburg,,,,,,,,
dierenarts-natasja-dierenarts-in-gieten,Dierenarts Natasja,Gieten,,,,,,,,
dier-dierenarts-in-goes,Dier,Goes,,,,,,,,
dierenartsenpraktijk-mosselman-dierenarts-in-goes,Dierenartsenpraktijk Mosselman,Goes,,,,,,,,
dierenkliniek-goes-dierenarts-in-goes,Dierenkliniek Goes,Goes,,,,,,,,
dierenkliniek-goirle-dierenarts-in-goirle,Dierenkliniek Goirle,Goirle,,,,,,,,
dier-medisch-centrum-hof-van-twente-dierenarts-in-goor,Dier Medisch Centrum Hof van Twente,Goor,,,,,,,,
diergeneeskundig-centrum-bekenland-dierenarts-in-goor,Diergeneeskundig Centrum Bekenland,Goor,,,,,,,,
dierenziekenhuis-gorinchem-dierenarts-in-gorinchem,Dierenziekenhuis Gorinchem,Gorinchem,,,,,,,,
dac-gorredijk-dierenarts-in-gorredijk,DAC Gorredijk,Gorredijk,,,,,,,,
dierenartsenpraktijk-beekdal-dierenarts-in-gorssel,Dierenartsenpraktijk Beekdal,Gorssel,,,,,,,,
dier-medisch-centrum-gouda-dierenarts-in-gouda,Dier Medisch Centrum Gouda,Gouda,,,,,,,,
dier-medisch-centrum-gouda-brokken-dierenarts-in-gouda,Dier Medisch Centrum Gouda - Brokken,Gouda,,,,,,,,
dierenarts-ruth-boerekamp-dierenarts-in-gouda,Dierenarts Ruth Boerekamp,Gouda,,,,,,,,
dierenkliniek-de-paltrok-dierenarts-in-gouda,Dierenkliniek de Paltrok,Gouda,,,,,,,,
dierenkliniek-korte-akkeren-dierenarts-in-gouda,Dierenkliniek Korte Akkeren,Gouda,,,,,,,,
dierenkliniek-pieter-bas-dierenarts-in-gouda,Dierenkliniek Pieter Bas,Gouda,,,,,,,,
dierenkliniek-westergouwe-dierenarts-in-gouda,Dierenkliniek Westergouwe,Gouda,,,,,,,,
veterinair-verwijscentrum-korte-akkeren-dierenarts-in-gouda,Veterinair Verwijscentrum Korte Akkeren,Gouda,,,,,,,,
gelre-dierenartsen-dierenarts-in-groenlo,Gelre Dierenartsen,Groenlo,,,,,,,,
mijn-dierenarts-groesbeek-dierenarts-in-groesbeek,Mijn Dierenarts Groesbeek,Groesbeek,,,,,,,,
de-kattenkliniek-van-groningen-dierenarts-in-groningen,De Kattenkliniek van Groningen,Groningen,,,,,,,,
dierenarts-reitdiep-dierenarts-in-groningen,Dierenarts Reitdiep,Groningen,,,,,,,,
dierenkliniek-eikenlaan-dierenarts-in-groningen,Dierenkliniek Eikenlaan,Groningen,,,,,,,,
dierenziekenhuis-groningen-dierenarts-in-groningen,Dierenziekenhuis Groningen,Groningen,,,,,,,,
diergeneeskundig-centrum-hopmans-dierenarts-in-groningen,Diergeneeskundig Centrum Hopmans,Groningen,,,,,,,,
diergeneeskundig-centrum-paterswoldseweg-dierenarts-in-groningen,Diergeneeskundig Centrum Paterswoldseweg,Groningen,,,,,,,,
diergeneeskundig-centrum-paterswoldseweg-locatie-hoogkerk-dierenarts-in-groningen,Diergeneeskundig Centrum Paterswoldseweg - Locatie Hoogkerk,Groningen,,,,,,,,
van-stad-tot-wad-diergezondheidscentrum-groningen-dierenarts-in-groningen,Van Stad tot Wad - Diergezondheidscentrum Groningen,Groningen,,,,,,,,
dierenkliniek-de-watermolen-dierenarts-in-haaksbergen,Dierenkliniek de Watermolen,Haaksbergen,,,,,,,,
diergeneeskundig-centrum-arts4dieren-dierenarts-in-haaksbergen,Diergeneeskundig centrum Arts4dieren,Haaksbergen,,,,,,,,
caressa-dierenziekenhuis-haarlem-dierenarts-in-haarlem,Caressa Dierenziekenhuis Haarlem,Haarlem,,,,,,,,
dierenartspraktijk-harder-dierenarts-in-haarlem,Dierenartspraktijk Harder,Haarlem,,,,,,,,
dierenkliniek-stad-haarlem-dierenarts-in-haarlem,Dierenkliniek Stad Haarlem,Haarlem,,,,,,,,
dierenkliniek-davidse-dierenarts-in-hardinxveld-giessendam,Dierenkliniek Davidse,Hardinxveld-Giessendam,,,,,,,,
diergezondheidscentrum-de-limes-praktijk-harmelen-dierenarts-in-harmelen,Diergezondheidscentrum De Limes - Praktijk Harmelen,Harmelen,,,,,,,,
dierenkliniek-hattem-dierenarts-in-hattem,Dierenkliniek Hattem,Hattem,,,,,,,,
dierenkliniek-online-dierenarts-in-hattem,Dierenkliniek Online,Hattem,,,,,,,,
dierenkliniek-meursing-dierenarts-in-hazerswoude-dorp,Dierenkliniek Meursing,Hazerswoude-Dorp,,,,,,,,
dierenartsenpraktijk-bommelerwaard-zuid-dierenarts-in-hedel,Dierenartsenpraktijk Bommelerwaard-Zuid,Hedel,,,,,,,,
dierenartsenpraktijk-bernisse-dierenarts-in-heenvliet,Dierenartsenpraktijk Bernisse,Heenvliet,,,,,,,,
dierenkliniek-heerde-dierenarts-in-heerde,Dierenkliniek Heerde,Heerde,,,,,,,,
dierenartsen-heerenveen-dierenarts-in-heerenveen,Dierenartsen Heerenveen,Heerenveen,,,,,,,,
dierenkliniek-bornego-dierenarts-in-heerenveen,Dierenkliniek Bornego,Heerenveen,,,,,,,,
dierenkliniek-t-ossehoofd-dierenarts-in-heerhugowaard,Dierenkliniek 't Ossehoofd,Heerhugowaard,,,,,,,,
dierenkliniek-leuven-dierenarts-in-heerlen,Dierenkliniek Leuven,Heerlen,,,,,,,,
diergezondheidscentrum-zuid-limburg-dierenarts-in-heerlen,Diergezondheidscentrum Zuid Limburg,Heerlen,,,,,,,,
dierenkliniek-heusden-dierenarts-in-heesbeen,Dierenkliniek Heusden,Heesbeen,,,,,,,,
dierenkliniek-heusden-dierenarts-in-heesbeen-2,Dierenkliniek Heusden,Heesbeen,,,,,,,,
boschhoven-kliniek-voor-dieren-dierenarts-in-heeze,Boschhoven kliniek voor dieren,Heeze,,,,,,,,
dap-citaverde-dierenarts-in-hegelsom,Dap Citaverde,Hegelsom,,,,,,,,
j-de-jong-dierenartsen-heiloo-dierenarts-in-heiloo,J. de Jong Dierenartsen - Heiloo,Heiloo,,,,,,,,
sterkliniek-any-animal-dierenarts-in-heiloo,Sterkliniek Any Animal,Heiloo,,,,,,,,
dierenkliniek-dierzorg-dierenarts-in-heinkenszand,Dierenkliniek Dierzorg,Heinkenszand,,,,,,,,
dk-hellendoorn-nijverdal-dierenarts-in-hellendoorn,DK Hellendoorn-Nijverdal,Hellendoorn,,,,,,,,
dierenkliniek-hellevoetsluis-dierenarts-in-hellevoetsluis,Dierenkliniek Hellevoetsluis,Hellevoetsluis,,,,,,,,
dier-en-dokter-helmond-dierenarts-in-helmond,Dier en Dokter Helmond,Helmond,,,,,,,,
dierenkliniek-de-warande-dierenarts-in-helmond,Dierenkliniek De Warande,Helmond,,,,,,,,
gezelschapsdierenkliniek-de-eenhoorn-dierenarts-in-helmond,Gezelschapsdierenkliniek de Eenhoorn,Helmond,,,,,,,,
dierenkliniek-ridderkerk-locatie-reeweg-dierenarts-in-hendrik-ido-ambacht,Dierenkliniek Ridderkerk - locatie Reeweg,Hendrik-Ido-Ambacht,,,,,,,,
dierenkliniek-slangenbeek-dierenarts-in-hengelo,Dierenkliniek Slangenbeek,Hengelo,,,,,,,,
diergeneeskundig-centrum-arts4dieren-dierenarts-in-hengelo,Diergeneeskundig centrum Arts4dieren,Hengelo,,,,,,,,
de-graafschap-dierenartsen-dierenarts-in-hengelo-gld,De Graafschap Dierenartsen,Hengelo Gld,,,,,,,,
dierenkliniek-herten-dierenarts-in-herten,Dierenkliniek Herten,Herten,,,,,,,,
mijn-dierenkliniek-hillegom-dierenarts-in-hillegom,Mijn Dierenkliniek Hillegom,Hillegom,,,,,,,,
sterkliniek-dierenartsen-hillegom-dierenarts-in-hillegom,Sterkliniek dierenartsen Hillegom,Hillegom,,,,,,,,
dap-soestdijkerstraatweg-dierenarts-in-hilversum,DAP Soestdijkerstraatweg,Hilversum,,,,,,,,
dierenartspraktijk-loosdrechtseweg-dierenarts-in-hilversum,Dierenartspraktijk Loosdrechtseweg,Hilversum,,,,,,,,
evi-dierenartsen-hilversum-dierenarts-in-hilversum,Evi dierenartsen Hilversum,Hilversum,,,,,,,,
sterkliniek-dierenartsen-hilversum-dierenarts-in-hilversum,Sterkliniek dierenartsen Hilversum,Hilversum,,,,,,,,
dierenkliniek-drakenmolen-dierenarts-in-hoensbroek,Dierenkliniek Drakenmolen,Hoensbroek,,,,,,,,
huisdierenziekenhuis-hondelersdijk-dierenarts-in-honselersdijk,Huisdierenziekenhuis Hondelersdijk,Honselersdijk,,,,,,,,
veterinair-centrum-zuid-holland-huisdierenziekenhuis-honselersdijk-dierenarts-in-honselersdijk,Veterinair Centrum Zuid-Holland - Huisdierenziekenhuis Honselersdijk,Honselersdijk,,,,,,,,
anicura-hoofddorp-hoofdvaart-dierenarts-in-hoofddorp,AniCura Hoofddorp Hoofdvaart,Hoofddorp,,,,,,,,
caressa-dierenkliniek-hoofddorp-dierenarts-in-hoofddorp,Caressa Dierenkliniek Hoofddorp,Hoofddorp,,,,,,,,
vets-dierenarts-in-hooge-zwaluwe,Vets,Hooge Zwaluwe,,,,,,,,
dierenkliniek-hoogerheide-dierenarts-in-hoogerheide,Dierenkliniek Hoogerheide,Hoogerheide,,,,,,,,
dierenkliniek-hoogezand-dierenarts-in-hoogezand,Dierenkliniek Hoogezand,Hoogezand,,,,,,,,
noorder-dierenkliniek-locatie-hoogezand-dierenarts-in-hoogezand,Noorder Dierenkliniek - locatie Hoogezand,Hoogezand,,,,,,,,
anicura-hoogvliet-en-spijkenisse-dierenarts-in-hoogvliet,AniCura Hoogvliet en Spijkenisse,Hoogvliet,,,,,,,,
anicura-west-friesland-dierenarts-in-hoorn,AniCura West-Friesland,Hoorn,,,,,,,,
dierenkliniek-hoorn-dierenarts-in-hoorn,Dierenkliniek Hoorn,Hoorn,,,,,,,,
dierenkliniek-van-kop-tot-staart-locatie-hoorn-dierenarts-in-hoorn,Dierenkliniek van Kop tot Staart - locatie Hoorn,Hoorn,,,,,,,,
dierapotheker-nl-dierenarts-in-horst,Dierapotheker.nl,Horst,,,,,,,,
dierenartsenpraktijk-horst-e-o-dierenarts-in-horst,Dierenartsenpraktijk Horst e.o.,Horst,,,,,,,,
dierenkliniek-nieuw-houten-dierenarts-in-houten,Dierenkliniek Nieuw Houten,Houten,,,,,,,,
dierenkliniek-wulven-dierenarts-in-houten,Dierenkliniek Wulven,Houten,,,,,,,,
de-monnickskamp-dierenarts-in-huizen,de Monnickskamp,Huizen,,,,,,,,
dierenkliniek-hulst-dierenarts-in-hulst,Dierenkliniek Hulst,Hulst,,,,,,,,
dierenkliniek-ijsselstein-dierenarts-in-ijsselstein,Dierenkliniek IJsselstein,IJsselstein,,,,,,,,
dierenkliniek-ijzendijke-dierenarts-in-ijzendijke,Dierenkliniek IJzendijke,IJzendijke,,,,,,,,
pets-health-dierenkliniek-kaatsheuvel-dierenarts-in-kaatsheuvel,Pets Health dierenkliniek Kaatsheuvel,Kaatsheuvel,,,,,,,,
dgc-de-nieuwe-hanze-dierenarts-in-kampen,DGC de Nieuwe HANZE,Kampen,,,,,,,,
dierenartspraktijk-mosselman-en-verboom-kapelle-dierenarts-in-kapelle,"Dierenartspraktijk Mosselman en Verboom, Kapelle",Kapelle,,,,,,,,
dierenartspraktijk-verboom-dierenarts-in-kapelle,Dierenartspraktijk Verboom,Kapelle,,,,,,,,
dap-de-driehoek-dierenarts-in-klarenbeek,DAP De Driehoek,Klarenbeek,,,,,,,,
dierenkliniek-stad-koog-aan-de-zaan-dierenarts-in-koog-aan-de-zaan,Dierenkliniek Stad Koog aan de Zaan,Koog aan de Zaan,,,,,,,,
kleine-huisdieren-kliniek-krimpen-dierenarts-in-krimpen-aan-den-ijssel,Kleine Huisdieren Kliniek Krimpen,Krimpen aan den IJssel,,,,,,,,
dierenartsenpraktijk-mosselman-dierenarts-in-kruiningen,Dierenartsenpraktijk Mosselman,Kruiningen,,,,,,,,
dierenarts-kudelstaart-dierenarts-in-kudelstaart,Dierenarts Kudelstaart,Kudelstaart,,,,,,,,
dierenkliniek-landgraaf-dierenarts-in-landgraaf,Dierenkliniek Landgraaf,Landgraaf,,,,,,,,
dierenkliniek-strijthagen-dierenarts-in-landgraaf,Dierenkliniek Strijthagen,Landgraaf,,,,,,,,
dierenkliniek-stad-landsmeer-dierenarts-in-landsmeer,Dierenkliniek Stad Landsmeer,Landsmeer,,,,,,,,
boschhoven-kliniek-voor-dieren-dierenarts-in-leende,Boschhoven kliniek voor dieren,Leende,,,,,,,,
dierenkliniek-leerdam-dierenarts-in-leerdam,Dierenkliniek Leerdam,Leerdam,,,,,,,,
dierenkliniek-leersum-dierenarts-in-leersum,Dierenkliniek Leersum,Leersum,,,,,,,,
dierenkliniek-camminghaburen-dierenarts-in-leeuwarden,Dierenkliniek Camminghaburen,Leeuwarden,,,,,,,,
elke-dierenarts-leeuwarden-dierenarts-in-leeuwarden,Elke Dierenarts Leeuwarden,Leeuwarden,,,,,,,,
mijn-dierenkliniek-de-mare-dierenarts-in-leiden,Mijn Dierenkliniek de Mare,Leiden,,,,,,,,
mijn-dierenkliniek-leiden-dierenarts-in-leiden,Mijn Dierenkliniek Leiden,Leiden,,,,,,,,
dierenkliniek-leidschendam-dierenarts-in-leidschendam,Dierenkliniek Leidschendam,Leidschendam,,,,,,,,
mijn-dierenkliniek-leidschendam-dierenarts-in-leidschendam,Mijn Dierenkliniek Leidschendam,Leidschendam,,,,,,,,
crimpenerwaert-dierenartsen-dierenarts-in-lekkerkerk,Crimpenerwaert Dierenartsen,Lekkerkerk,,,,,,,,
dierenartsen-lelystad-dierenarts-in-lelystad,Dierenartsen Lelystad,Lelystad,,,,,,,,
dierenkliniek-de-dierenbus-dierenarts-in-lelystad,Dierenkliniek de Dierenbus,Lelystad,,,,,,,,
dierenkliniek-jol-dierenarts-in-lelystad,Dierenkliniek Jol,Lelystad,,,,,,,,
uw-dierenarts-dierenarts-in-lelystad,Uw Dierenarts,Lelystad,,,,,,,,
dierenkliniek-lent-dierenarts-in-lent,Dierenkliniek Lent,Lent,,,,,,,,
dierenkliniek-de-oude-melkfabriek-dierenarts-in-leunen,Dierenkliniek de Oude Melkfabriek,Leunen,,,,,,,,
dierenkliniek-keistad-leusden-dierenarts-in-leusden,Dierenkliniek AniCura Leusden,Leusden,,,,,,,,
dierenkliniek-leusden-dierenarts-in-leusden,Dierenkliniek Leusden,Leusden,,,,,,,,
gelre-dierenartsen-dierenarts-in-lichtenvoorde,Gelre Dierenartsen,Lichtenvoorde,,,,,,,,
dierenkliniek-lieshout-dierenarts-in-lieshout,Dierenkliniek Lieshout,Lieshout,,,,,,,,
dierenkliniek-lieshout-bv-dierenarts-in-lieshout,Dierenkliniek Lieshout BV,Lieshout,,,,,,,,
dierenartsenpraktijk-lisse-dierenarts-in-lisse,Dierenartsenpraktijk Lisse,Lisse,,,,,,,,
mijn-dierenkliniek-lisse-dierenarts-in-lisse,Mijn Dierenkliniek Lisse,Lisse,,,,,,,,
dap-loenen-a-d-vecht-dierenarts-in-loenen-a-d-vecht,DAP Loenen a/d Vecht,Loenen a/d Vecht,,,,,,,,
dierenartsenpraktijk-bos-lonneker-dierenarts-in-lonneker,Dierenartsenpraktijk Bos Lonneker,Lonneker,,,,,,,,
van-stad-tot-wad-locatie-loppersum-dierenarts-in-loppersum,Van Stad tot Wad - Locatie Loppersum,Loppersum,,,,,,,,
dierenartsenpraktijk-de-koornwinder-dierenarts-in-maarssen,Dierenartsenpraktijk de Koornwinder,Maarssen,,,,,,,,
dierenartsenpraktijk-maarssen-dierenarts-in-maarssen,Dierenartsenpraktijk Maarssen,Maarssen,,,,,,,,
diergezondheidscentrum-de-limes-praktijk-maarssenbroek-dierenarts-in-maarssenbroek,Diergezondheidscentrum De Limes - Praktijk Maarssenbroek,Maarssenbroek,,,,,,,,
dierenkliniek-midden-nederland-dierenarts-in-maartensdijk,Dierenkliniek Midden Nederland,Maartensdijk,,,,,,,,
dierenkliniek-zwarte-zee-dierenarts-in-maassluis,Dierenkliniek Zwarte Zee,Maassluis,,,,,,,,
anicura-maastricht-dierenarts-in-maastricht,AniCura Maastricht,Maastricht,,,,,,,,
dierenkliniek-maastricht-locatie-brusselsepoort-dierenarts-in-maastricht,Dierenkliniek Maastricht - locatie Brusselsepoort,Maastricht,,,,,,,,
dierenkliniek-maastricht-locatie-heer-dierenarts-in-maastricht,Dierenkliniek Maastricht - locatie Heer,Maastricht,,,,,,,,
dierenkliniek-smeets-dierenarts-in-maastricht,Dierenkliniek Smeets,Maastricht,,,,,,,,
erm-croughs-dierenarts-in-maastricht,ERM Croughs,Maastricht,,,,,,,,
dap-malden-mook-dierenarts-in-malden,DAP Malden-Mook,Malden,,,,,,,,
dierenartspraktijk-marknesse-dierenarts-in-marknesse,Dierenartspraktijk Marknesse,Marknesse,,,,,,,,
dierenkliniek-meerkerk-dierenarts-in-meerkerk,Dierenkliniek Meerkerk,Meerkerk,,,,,,,,
dierenartspraktijk-claudia-gorissen-dierenarts-in-meerssen,Dierenartspraktijk Claudia Gorissen,Meerssen,,,,,,,,
dap-west-betuwe-dierenarts-in-meteren,DAP West-Betuwe,Meteren,,,,,,,,
dierenkliniek-de-ark-dierenarts-in-middelburg,Dierenkliniek de Ark,Middelburg,,,,,,,,
duintop-dierenkliniek-locatie-middelburg-dierenarts-in-middelburg,Duintop Dierenkliniek - Locatie Middelburg,Middelburg,,,,,,,,
dier-en-dokter-mierlo-dierenarts-in-mierlo,Dier en Dokter Mierlo,Mierlo,,,,,,,,
dierenartsenpraktijk-uithoorn-aalsmeer-locatie-mijdrecht-dierenarts-in-mijdrecht,Dierenartsenpraktijk Uithoorn-Aalsmeer - locatie Mijdrecht,Mijdrecht,,,,,,,,
dierenartsenpraktijk-moerstraten-dierenarts-in-moerstraten,Dierenartsenpraktijk Moerstraten,Moerstraten,,,,,,,,
dierenkliniek-benschop-oudewater-locatie-montfoort-dierenarts-in-montfoort,Dierenkliniek Benschop Oudewater - locatie Montfoort,Montfoort,,,,,,,,
pets-health-dierenkliniek-muiderberg-dierenarts-in-muiderberg,Pets Health dierenkliniek Muiderberg,Muiderberg,,,,,,,,
dierenkliniek-t-westland-dierenarts-in-naaldwijk,Dierenkliniek 't Westland,Naaldwijk,,,,,,,,
dap-de-krayenhoff-dierenarts-in-naarden,Dap. De Krayenhoff,Naarden,,,,,,,,
dokter-annemarie-dierenarts-in-nederhorst-den-berg,Dokter Annemarie,Nederhorst den Berg,,,,,,,,
lintjeshof-dierenarts-in-nederweert,Lintjeshof,Nederweert,,,,,,,,
diergeneeskundig-centrum-bekenland-dierenarts-in-neede,Diergeneeskundig Centrum Bekenland,Neede,,,,,,,,
dierenartsencombinatie-maas-en-niers-dierenarts-in-nieuw-bergen,Dierenartsencombinatie Maas en Niers,Nieuw Bergen,,,,,,,,
sterkliniek-dierenartsen-nieuw-vennep-dierenarts-in-nieuw-vennep,Sterkliniek dierenartsen Nieuw-Vennep,Nieuw-Vennep,,,,,,,,
dierenartsenpraktijk-nieuwegein-dierenarts-in-nieuwegein,Dierenartsenpraktijk Nieuwegein,Nieuwegein,,,,,,,,
dierenkliniek-batau-dierenarts-in-nieuwegein,Dierenkliniek Batau,Nieuwegein,,,,,,,,
pets-health-nieuwegein-dierenarts-in-nieuwegein,Pets Health Nieuwegein,Nieuwegein,,,,,,,,
dierenkliniek-zuidplas-dierenarts-in-nieuwerkerk-aan-den-ijssel,Dierenkliniek Zuidplas,Nieuwerkerk aan den IJssel,,,,,,,,
dierenkliniek-de-arker-dierenarts-in-nijkerk,Dierenkliniek de Arker,Nijkerk,,,,,,,,
dierenkliniek-de-berendonck-dierenarts-in-nijmegen,Dierenkliniek De Berendonck,Nijmegen,,,,,,,,
dierenkliniek-de-waalsprong-dierenarts-in-nijmegen,Dierenkliniek de Waalsprong,Nijmegen,,,,,,,,
dierenkliniek-dukenburg-dierenarts-in-nijmegen,Dierenkliniek Dukenburg,Nijmegen,,,,,,,,
dierenkliniek-pijnappel-dierenarts-in-nijmegen,Dierenkliniek Pijnappel,Nijmegen,,,,,,,,
van-duin-tot-dijk-dierenartsen-dierenarts-in-noord-scharwoude,Van duin tot dijk dierenartsen,Noord Scharwoude,,,,,,,,
mijn-dierenkliniek-noordwijkerhout-dierenarts-in-noordwijkerhout,Mijn Dierenkliniek Noordwijkerhout,Noordwijkerhout,,,,,,,,
dierenarts-dorpsstraat-dierenarts-in-nootdorp,Dierenarts Dorpsstraat,Nootdorp,,,,,,,,
dierenkliniek-nootdorp-dierenarts-in-nootdorp,Dierenkliniek Nootdorp,Nootdorp,,,,,,,,
dierenkliniek-coppelmans-nuenen-bv-dierenarts-in-nuenen,Dierenkliniek Coppelmans Nuenen bv,Nuenen,,,,,,,,
dierenkliniek-nuenen-dierenarts-in-nuenen,Dierenkliniek Nuenen,Nuenen,,,,,,,,
dierenziekenhuis-nunspeet-dierenarts-in-nunspeet,Dierenziekenhuis Nunspeet,Nunspeet,,,,,,,,
dap-obdam-dierenarts-in-obdam,DAP Obdam,Obdam,,,,,,,,
dierenartsenpraktijk-obdam-dierenarts-in-obdam,DierenartsenPraktijk Obdam,Obdam,,,,,,,,
dierenkliniek-in-de-buurt-dierenarts-in-odijk,Dierenkliniek In de Buurt,Odijk,,,,,,,,
dierenkliniek-t-spoor-dierenarts-in-oisterwijk,Dierenkliniek t Spoor,Oisterwijk,,,,,,,,
dierenkliniek-boerskotten-dierenarts-in-oldenzaal,Dierenkliniek Boerskotten,Oldenzaal,,,,,,,,
dierenziekenhuis-oldenzaal-dierenarts-in-oldenzaal,Dierenziekenhuis Oldenzaal,Oldenzaal,,,,,,,,
dierenartsenpraktijk-olst-wijhe-dierenarts-in-olst,Dierenartsenpraktijk Olst-Wijhe,Olst,,,,,,,,
dierenkliniek-de-ark-oost-souburg-dierenarts-in-oost-souburg,Dierenkliniek de Ark Oost-Souburg,Oost-Souburg,,,,,,,,
dacwest-dierenarts-in-oostburg,DACWest,Oostburg,,,,,,,,
mijn-dierenarts-oosterbeek-dierenarts-in-oosterbeek,Mijn Dierenarts Oosterbeek,Oosterbeek,,,,,,,,
dierenkliniek-broekhuizen-dierenarts-in-oosterhout,Dierenkliniek Broekhuizen,Oosterhout,,,,,,,,
dierenkliniek-de-beemd-dierenarts-in-oosterhout,Dierenkliniek De Beemd,Oosterhout,,,,,,,,
dierenkliniek-oosterhout-dierenarts-in-oosterhout,Dierenkliniek Oosterhout,Oosterhout,,,,,,,,
vetsplace-oosterhout-dierenarts-in-oosterhout,VetsPlace Oosterhout,Oosterhout,,,,,,,,
het-dierenartsencentrum-dierenarts-in-oosterwolde,Het Dierenartsencentrum,Oosterwolde,,,,,,,,
dierenartsenpraktijk-noord-oost-twente-locatie-ootmarsum-dierenarts-in-ootmarsum,Dierenartsenpraktijk Noord Oost Twente - locatie Ootmarsum,Ootmarsum,,,,,,,,
dierenkliniek-de-ruwaard-dierenarts-in-oss,Dierenkliniek de Ruwaard,Oss,,,,,,,,
dap-drie-weikes-dierenarts-in-oud-gastel,DAP Drie Weikes,Oud Gastel,,,,,,,,
dierenkliniek-de-baronie-animal-world-dierenarts-in-oudenbosch,Dierenkliniek de Baronie - Animal World,Oudenbosch,,,,,,,,
dierenkliniek-benschop-oudewater-locatie-oudewater-dierenarts-in-oudewater,Dierenkliniek Benschop Oudewater - locatie Oudewater,Oudewater,,,,,,,,
dierenartsenpraktijk-peize-dierenarts-in-peize,Dierenartsenpraktijk Peize,Peize,,,,,,,,
dierenkliniek-poortugaal-dierenarts-in-poortugaal,Dierenkliniek Poortugaal,Poortugaal,,,,,,,,
dierenkliniek-de-baronie-dierenarts-in-prinsenbeek,Dierenkliniek De Baronie,Prinsenbeek,,,,,,,,
dierenarts-purmerend-dierenarts-in-purmerend,Dierenarts Purmerend,Purmerend,,,,,,,,
dierenkliniek-grevelingenmeer-dierenarts-in-purmerend,Dierenkliniek Grevelingenmeer,Purmerend,,,,,,,,
dierenkliniek-achterstraat-dierenarts-in-putten,Dierenkliniek Achterstraat,Putten,,,,,,,,
dierenkliniek-putten-dierenarts-in-putten,Dierenkliniek Putten,Putten,,,,,,,,
dgc-midden-salland-dierenarts-in-raalte,DGC Midden Salland,Raalte,,,,,,,,
dierenartsenpraktijk-de-dorskamp-dierenarts-in-renkum,Dierenartsenpraktijk de Dorskamp,Renkum,,,,,,,,
pets-health-dierenkliniek-veenendaal-dierenarts-in-renswoude,Pets Health dierenkliniek Veenendaal,Renswoude,,,,,,,,
den-driesprong-praktijk-voor-gezelschapsdieren-dierenarts-in-reusel,"Den Driesprong, Praktijk voor Gezelschapsdieren",Reusel,,,,,,,,
dierenkliniek-velp-veluwezoom-locatie-veluwezoom-dierenarts-in-rheden,Dierenkliniek Velp-Veluwezoom - Locatie Veluwezoom,Rheden,,,,,,,,
dierenkliniek-ridderkerk-dierenarts-in-ridderkerk,Dierenkliniek Ridderkerk,Ridderkerk,,,,,,,,
dierenkliniek-ridderkerk-locatie-bolnes-dierenarts-in-ridderkerk,Dierenkliniek Ridderkerk - locatie Bolnes,Ridderkerk,,,,,,,,
dierenkliniek-rijen-dierenarts-in-rijen,Dierenkliniek Rijen,Rijen,,,,,,,,
diergeneeskundig-centrum-twente-dierenarts-in-rijssen,Diergeneeskundig Centrum Twente,Rijssen,,,,,,,,
dierenkliniek-eisenhower-dierenarts-in-rijswijk,Dierenkliniek Eisenhower,Rijswijk,,,,,,,,
dierenkliniek-leeuwendael-dierenarts-in-rijswijk,Dierenkliniek Leeuwendael,Rijswijk,,,,,,,,
dierenartsenpraktijk-roden-dierenarts-in-roden,Dierenartsenpraktijk Roden,Roden,,,,,,,,
diergeneeskundig-centrum-hopmans-dierenarts-in-roden,Diergeneeskundig Centrum Hopmans,Roden,,,,,,,,
dierenkliniek-de-wijher-dierenarts-in-roermond,Dierenkliniek De Wijher,Roermond,,,,,,,,
gezelschapsdierenkliniek-roosendaal-dierenarts-in-roosendaal,Gezelschapsdierenkliniek Roosendaal,Roosendaal,,,,,,,,
dierenkliniek-rosmalen-centrum-dierenarts-in-rosmalen,Dierenkliniek Rosmalen Centrum,Rosmalen,,,,,,,,
basic-vets-locatie-rotterdam-dierenarts-in-rotterdam,Basic Vets - locatie Rotterdam,Rotterdam,,,,,,,,
caressa-dierenkliniek-walenburg-rotterdam-dierenarts-in-rotterdam,Caressa Dierenkliniek Walenburg Rotterdam,Rotterdam,,,,,,,,
caressa-dierenziekenhuis-rotterdam-dierenarts-in-rotterdam,Caressa Dierenziekenhuis Rotterdam,Rotterdam,,,,,,,,
dierenartspraktijk-hillegersberg-dierenarts-in-rotterdam,Dierenartspraktijk Hillegersberg,Rotterdam,,,,,,,,
dierenkliniek-blijdorp-dierenarts-in-rotterdam,Dierenkliniek Blijdorp,Rotterdam,,,,,,,,
dierenkliniek-kralingen-dierenarts-in-rotterdam,Dierenkliniek Kralingen,Rotterdam,,,,,,,,
dierenkliniek-kralingseweg-dierenarts-in-rotterdam,Dierenkliniek Kralingseweg,Rotterdam,,,,,,,,
dierenkliniek-nesselande-dierenarts-in-rotterdam,dierenkliniek Nesselande,Rotterdam,,,,,,,,
dierenkliniek-prinsenland-dierenarts-in-rotterdam,Dierenkliniek Prinsenland,Rotterdam,,,,,,,,
dierenkliniek-ridderkerk-locatie-ijsselmonde-dierenarts-in-rotterdam,Dierenkliniek Ridderkerk - locatie IJsselmonde,Rotterdam,,,,,,,,
dierenkliniek-rotterdam-zuid-dierenarts-in-rotterdam,Dierenkliniek Rotterdam Zuid,Rotterdam,,,,,,,,
dierenziekenhuis-nieuwe-binnenweg-dierenarts-in-rotterdam,Dierenziekenhuis Nieuwe Binnenweg,Rotterdam,,,,,,,,
dierenziekenhuis-rotterdam-dierenarts-in-rotterdam,Dierenziekenhuis Rotterdam,Rotterdam,,,,,,,,
dierenartsenpraktijk-de-wolden-ruinen-dierenarts-in-ruinen,Dierenartsenpraktijk de Wolden - Ruinen,Ruinen,,,,,,,,
de-graafschap-dierenartsen-dierenarts-in-ruurlo,De Graafschap Dierenartsen,Ruurlo,,,,,,,,
de-graafschap-dierenartsen-locatie-ruurlo-dierenarts-in-ruurlo,De Graafschap Dierenartsen - locatie Ruurlo,Ruurlo,,,,,,,,
dierenkliniek-santpoort-dierenarts-in-santpoort,Dierenkliniek Santpoort,Santpoort,,,,,,,,
dierenkliniek-teyingen-dierenarts-in-sassenheim,Dierenkliniek Teyingen,Sassenheim,,,,,,,,
dierenkliniek-stad-schagen-dierenarts-in-schagen,Dierenkliniek Stad Schagen,Schagen,,,,,,,,
dierenkliniek-schaijk-dierenarts-in-schaijk,Dierenkliniek Schaijk,Schaijk,,,,,,,,
dierenkliniek-schiedam-noord-dierenarts-in-schiedam,Dierenkliniek Schiedam-Noord,Schiedam,,,,,,,,
dierenkliniek-spaland-locatie-schiedam-dierenarts-in-schiedam,Dierenkliniek Spaland - locatie Schiedam,Schiedam,,,,,,,,
dierenartsenpraktijk-schijndel-st-oedenrode-dierenarts-in-schijndel,Dierenartsenpraktijk Schijndel-St. Oedenrode,Schijndel,,,,,,,,
dap-schoonhoven-dierenarts-in-schoonhoven,DAP Schoonhoven,Schoonhoven,,,,,,,,
slingeland-dierenartsen-dierenarts-in-silvolde,Slingeland Dierenartsen,Silvolde,,,,,,,,
dierenkliniek-simpelveld-dierenarts-in-simpelveld,Dierenkliniek Simpelveld,Simpelveld,,,,,,,,
gezelschapsdierenpraktijk-sint-nicolaasga-dierenarts-in-sint-nicolaasga,Gezelschapsdierenpraktijk Sint Nicolaasga,Sint Nicolaasga,,,,,,,,
dierenartsenpraktijk-schijndel-sint-oedenrode-dierenarts-in-sint-oedenrode,Dierenartsenpraktijk Schijndel-Sint Oedenrode,Sint Oedenrode,,,,,,,,
dierenkliniek-op-de-diek-dierenarts-in-sittard,Dierenkliniek Op de Diek,Sittard,,,,,,,,
basic-vets-locatie-sliedrecht-dierenarts-in-sliedrecht,Basic Vets - locatie Sliedrecht,Sliedrecht,,,,,,,,
anicura-dierenkliniek-de-waterpoort-dierenarts-in-sneek,AniCura Dierenkliniek De Waterpoort,Sneek,,,,,,,,
dierenkliniek-sneek-dierenarts-in-sneek,Dierenkliniek Sneek,Sneek,,,,,,,,
dierenkliniek-koningsweg-dierenarts-in-soest,Dierenkliniek Koningsweg,Soest,,,,,,,,
pets-health-dierenkliniek-eemland-dierenarts-in-soest,Pets Health dierenkliniek Eemland,Soest,,,,,,,,
dierenkliniek-soesterberg-dierenarts-in-soesterberg,dierenkliniek Soesterberg,Soesterberg,,,,,,,,
dierenkliniek-asten-someren-dierenarts-in-someren,Dierenkliniek Asten Someren,Someren,,,,,,,,
veterinair-centrum-someren-dierenarts-in-someren,Veterinair Centrum Someren,Someren,,,,,,,,
dierenarts-rob-peeters-dierenarts-in-son-en-breugel,Dierenarts Rob Peeters,Son en Breugel,,,,,,,,
dierenkliniek-spanbroek-dierenarts-in-spanbroek,Dierenkliniek Spanbroek,Spanbroek,,,,,,,,
dap-spierdijk-obdam-dierenarts-in-spierdijk,DAP Spierdijk-Obdam,Spierdijk,,,,,,,,
dierenkliniek-spijkenisse-dierenarts-in-spijkenisse,Dierenkliniek Spijkenisse,Spijkenisse,,,,,,,,
noorder-dierenkliniek-locatie-stadskanaal-dierenarts-in-stadskanaal,Noorder Dierenkliniek - locatie Stadskanaal,Stadskanaal,,,,,,,,
dac-staphorst-dierenarts-in-staphorst,dac staphorst,Staphorst,,,,,,,,
dierenkliniek-de-woldberg-dierenarts-in-steenwijk,Dierenkliniek de Woldberg,Steenwijk,,,,,,,,
dierenkliniek-de-band-dierenarts-in-stein,Dierenkliniek De Band,Stein,,,,,,,,
dierenkliniek-de-postwagen-tegelen-dierenarts-in-tegelen-steyl,Dierenkliniek de Postwagen Tegelen,Tegelen-Steyl,,,,,,,,
dierenartsenpraktijk-ter-aar-nieuwkoop-dierenarts-in-ter-aar,Dierenartsenpraktijk Ter Aar - Nieuwkoop,Ter Aar,,,,,,,,
dierenkliniek-de-ark-terneuzen-dierenarts-in-terneuzen,Dierenkliniek de Ark Terneuzen,Terneuzen,,,,,,,,
dierenkliniek-tiel-drumpt-dierenarts-in-tiel,Dierenkliniek Tiel-Drumpt,Tiel,,,,,,,,
lingehoeve-diergeneeskunde-dierenarts-in-tiel,Lingehoeve Diergeneeskunde,Tiel,,,,,,,,
dierenkliniek-den-herd-dierenarts-in-tilburg,Dierenkliniek Den Herd,Tilburg,,,,,,,,
dierenkliniek-mortelplein-dierenarts-in-tilburg,Dierenkliniek Mortelplein,Tilburg,,,,,,,,
dierenkliniek-oerle-dierenarts-in-tilburg,Dierenkliniek Oerle,Tilburg,,,,,,,,
dierenkliniek-stokhasselt-dierenarts-in-tilburg,Dierenkliniek Stokhasselt,Tilburg,,,,,,,,
vets-place-tilburg-aabe-dierenarts-in-tilburg,Vets Place Tilburg AaBe,Tilburg,,,,,,,,
dierenarts-van-der-kraats-dierenarts-in-tjuchem,Dierenarts van der Kraats,Tjuchem,,,,,,,,
dierenartsenpraktijk-vivadier-dierenarts-in-uden,Dierenartsenpraktijk Vivadier,Uden,,,,,,,,
kliniek-voor-gezelschapsdieren-uitgeest-dierenarts-in-uitgeest,Kliniek voor Gezelschapsdieren Uitgeest,Uitgeest,,,,,,,,
dierenarts-annemieke-calis-dierenarts-in-uithoorn,Dierenarts Annemieke Calis,Uithoorn,,,,,,,,
dierenartsenpraktijk-uithoorn-aalsmeer-locatie-uithoorn-dierenarts-in-uithoorn,Dierenartsenpraktijk Uithoorn-Aalsmeer - locatie Uithoorn,Uithoorn,,,,,,,,
van-stad-tot-wad-locatie-uithuizen-dierenarts-in-uithuizen,Van Stad tot Wad - Locatie Uithuizen,Uithuizen,,,,,,,,
caressa-dierenziekenhuis-utrecht-dierenarts-in-utrecht,Caressa Dierenziekenhuis Utrecht,Utrecht,,,,,,,,
caressa-dierenziekenhuis-utrecht-centrum-dierenarts-in-utrecht,Caressa Dierenziekenhuis Utrecht Centrum,Utrecht,,,,,,,,
dierenarts-peter-wiersma-dierenarts-in-utrecht,Dierenarts Peter Wiersma,Utrecht,,,,,,,,
dierendokters-utrecht-dierenarts-in-utrecht,DierenDokters Utrecht,Utrecht,,,,,,,,
dierenkliniek-biltstraat-dierenarts-in-utrecht,Dierenkliniek Biltstraat,Utrecht,,,,,,,,
dierenkliniek-leidsche-rijn-dierenarts-in-utrecht,Dierenkliniek Leidsche Rijn,Utrecht,,,,,,,,
dierenkliniek-oog-in-al-dierenarts-in-utrecht,Dierenkliniek Oog in Al,Utrecht,,,,,,,,
dierenkliniek-vossegat-utrecht-dierenarts-in-utrecht,Dierenkliniek Vossegat Utrecht,Utrecht,,,,,,,,
dierenkliniek-zamenhofdreef-dierenarts-in-utrecht,Dierenkliniek Zamenhofdreef,Utrecht,,,,,,,,
dierenklniek-wilhelminapark-utrecht-dierenarts-in-utrecht,Dierenklniek Wilhelminapark Utrecht,Utrecht,,,,,,,,
evi-dierenartsen-oudenoord-dierenarts-in-utrecht,Evi dierenartsen Oudenoord,Utrecht,,,,,,,,
petcomfort-dierenarts-in-utrecht,PETcomfort,Utrecht,,,,,,,,
dierenkliniek-de-kempen-dierenarts-in-valkenswaard,Dierenkliniek de Kempen,Valkenswaard,,,,,,,,
slingeland-dierenartsen-dierenarts-in-varsseveld,Slingeland Dierenartsen,Varsseveld,,,,,,,,
noorder-dierenkliniek-locatie-veendam-dierenarts-in-veendam,Noorder Dierenkliniek - locatie Veendam,Veendam,,,,,,,,
dierenkliniek-veenendaal-dierenarts-in-veenendaal,Dierenkliniek Veenendaal,Veenendaal,,,,,,,,
dierenartsencombinatie-maas-en-niers-dierenarts-in-velden,Dierenartsencombinatie Maas en Niers,Velden,,,,,,,,
dierenkliniek-dierbaar-dierenarts-in-velden,Dierenkliniek Dierbaar,Velden,,,,,,,,
dierenkliniek-de-kempen-dierenarts-in-veldhoven,Dierenkliniek de Kempen,Veldhoven,,,,,,,,
heike-dierrijk-klinieken-dierenarts-in-veldhoven,Heike Dierrijk Klinieken,Veldhoven,,,,,,,,
de-graafschap-dierenartsen-dierenarts-in-velp,De Graafschap Dierenartsen,Velp,,,,,,,,
dierenkliniek-velp-veluwezoom-dierenarts-in-velp,Dierenkliniek Velp-Veluwezoom,Velp,,,,,,,,
dierenkliniek-de-postwagen-dierenarts-in-venlo,Dierenkliniek de Postwagen,Venlo,,,,,,,,
dierenkliniek-venlo-dierenarts-in-venlo,Dierenkliniek-Venlo,Venlo,,,,,,,,
geurts-dierenklinieken-dierenarts-in-venlo,Geurts Dierenklinieken,Venlo,,,,,,,,
dierenkliniek-venray-dierenarts-in-venray,Dierenkliniek Venray,Venray,,,,,,,,
dierenartsenpraktijk-horst-locatie-de-oude-melkfabriek-dierenarts-in-venray-leunen,Dierenartsenpraktijk Horst - locatie de Oude Melkfabriek,Venray-Leunen,,,,,,,,
dierenkliniek-vianen-dierenarts-in-vianen,Dierenkliniek Vianen,Vianen,,,,,,,,
pets-health-vijfhuizen-dierenarts-in-vijfhuizen,Pets Health Vijfhuizen,Vijfhuizen,,,,,,,,
dap-amstel-vecht-dierenarts-in-vinkeveen,"DAP Amstel, Vecht",Vinkeveen,,,,,,,,
dierenartsenpraktijk-s-van-zwol-dierenarts-in-vlaardingen,Dierenartsenpraktijk S. van Zwol,Vlaardingen,,,,,,,,
dierenkliniek-spaland-locatie-vlaardingen-dierenarts-in-vlaardingen,Dierenkliniek Spaland - locatie Vlaardingen,Vlaardingen,,,,,,,,
dierenkliniek-vollaers-dierenarts-in-vlaardingen,Dierenkliniek Vollaers,Vlaardingen,,,,,,,,
diergezondheidscentrum-de-limes-praktijk-vleuten-dierenarts-in-vleuten,Diergezondheidscentrum De Limes - Praktijk Vleuten,Vleuten,,,,,,,,
dierenkliniek-heusden-dierenarts-in-vlijmen,Dierenkliniek Heusden,Vlijmen,,,,,,,,
dierenkliniek-de-ark-vlissingen-dierenarts-in-vlissingen,Dierenkliniek de Ark Vlissingen,Vlissingen,,,,,,,,
dierenartsenpraktijk-voerendaal-dierenarts-in-voerendaal,Dierenartsenpraktijk Voerendaal,Voerendaal,,,,,,,,
dierenkliniek-stad-volendam-dierenarts-in-volendam,Dierenkliniek Stad Volendam,Volendam,,,,,,,,
dierendokters-voorburg-dierenarts-in-voorburg,DierenDokters Voorburg,Voorburg,,,,,,,,
dierenkliniek-leeuwendael-dierenarts-in-voorburg,Dierenkliniek Leeuwendael,Voorburg,,,,,,,,
dierenkliniek-parkweg-dierenarts-in-voorburg,Dierenkliniek Parkweg,Voorburg,,,,,,,,
dierenarts-aan-de-vliet-dierenarts-in-voorschoten,Dierenarts aan de Vliet,Voorschoten,,,,,,,,
de-graafschap-dierenartsen-dierenarts-in-vorden,De Graafschap Dierenartsen,Vorden,,,,,,,,
dierenartsenpraktijk-vries-dierenarts-in-vries,Dierenartsenpraktijk Vries,Vries,,,,,,,,
de-vughtse-poort-dierenartsen-dierenarts-in-vught,De Vughtse Poort Dierenartsen,Vught,,,,,,,,
pets-health-dierenkliniek-vught-dierenarts-in-vught,Pets Health dierenkliniek Vught,Vught,,,,,,,,
dierenkliniek-waalre-dierenarts-in-waalre,Dierenkliniek Waalre,Waalre,,,,,,,,
dierenkliniek-de-langstraat-dierenarts-in-waalwijk-2,Dierenkliniek de Langstraat,Waalwijk,,,,,,,,
dierenkliniek-de-langstraat-dierenarts-in-waalwijk,Dierenkliniek De Langstraat,Waalwijk,,,,,,,,
dierenkliniek-waalwijk-dierenarts-in-waalwijk,Dierenkliniek Waalwijk,Waalwijk,,,,,,,,
dierenkliniek-pieter-bas-dierenarts-in-waddinxveen,Dierenkliniek Pieter Bas,Waddinxveen,,,,,,,,
pets-health-dierenkliniek-waddinxveen-dierenarts-in-waddinxveen,Pets Health dierenkliniek Waddinxveen,Waddinxveen,,,,,,,,
dierenkliniek-kortenoord-dierenarts-in-wageningen,Dierenkliniek Kortenoord,Wageningen,,,,,,,,
f-c-g-e-b-de-maar-dierenarts-in-wapse,F.C.G.E.B. de Maar,Wapse,,,,,,,,
dierenkliniek-wassenaar-dierenarts-in-wassenaar,Dierenkliniek Wassenaar,Wassenaar,,,,,,,,
dierenkliniek-wateringen-dierenarts-in-wateringen,Dierenkliniek Wateringen,Wateringen,,,,,,,,
dierenkliniek-het-groote-plein-dierenarts-in-weesp,Dierenkliniek Het Groote Plein,Weesp,,,,,,,,
de-graafschap-dierenartsen-dierenarts-in-wehl,De Graafschap Dierenartsen,Wehl,,,,,,,,
diergeneeskundig-centrum-twente-dierenarts-in-wierden,Diergeneeskundig Centrum Twente,Wierden,,,,,,,,
dierenkliniek-t-zand-dierenarts-in-wijk-bij-duurstede,Dierenkliniek 't Zand,Wijk bij Duurstede,,,,,,,,
dierenkliniek-duurstede-dierenarts-in-wijk-bij-duurstede,Dierenkliniek Duurstede,Wijk bij Duurstede,,,,,,,,
van-duin-tot-dijk-dierenartsen-dierenarts-in-winkel,Van duin tot dijk dierenartsen,Winkel,,,,,,,,
dierenartsenpraktijk-oost-groningen-dierenarts-in-winschoten,Dierenartsenpraktijk Oost Groningen,Winschoten,,,,,,,,
noorder-dierenkliniek-locatie-winschoten-dierenarts-in-winschoten,Noorder Dierenkliniek - locatie Winschoten,Winschoten,,,,,,,,
dierenkliniek-winsum-dierenarts-in-winsum,Dierenkliniek Winsum,Winsum,,,,,,,,
diergeneeskundig-centrum-winterswijk-dierenarts-in-winterswijk,Diergeneeskundig Centrum Winterswijk,Winterswijk,,,,,,,,
dap-wolff-dierenarts-in-woerden,DAP Wolff,Woerden,,,,,,,,
diergezondheidscentrum-de-limes-praktijk-woerden-dierenarts-in-woerden,Diergezondheidscentrum De Limes - Praktijk Woerden,Woerden,,,,,,,,
dierenkliniek-wolvega-dierenarts-in-wolvega,Dierenkliniek Wolvega,Wolvega,,,,,,,,
van-waard-tot-klif-dierenartsenpraktijk-dierenarts-in-workum,Van Waard Tot Klif Dierenartsenpraktijk,Workum,,,,,,,,
dierenartspraktijk-wormer-dierenarts-in-wormer,Dierenartspraktijk Wormer,Wormer,,,,,,,,
dierenkliniek-stad-wormerveer-dierenarts-in-wormerveer,Dierenkliniek Stad Wormerveer,Wormerveer,,,,,,,,
diergeneeskundig-centrum-de-vallei-dierenarts-in-woudenberg,Diergeneeskundig Centrum de Vallei,Woudenberg,,,,,,,,
dierenkliniek-heusden-dierenarts-in-woudrichem,Dierenkliniek Heusden,Woudrichem,,,,,,,,
gezelschapsdierenartsen-de-peel-dierenarts-in-ysselsteyn,Gezelschapsdierenartsen De Peel,Ysselsteyn,,,,,,,,
plusdierenklinieken-de-saen-dierenarts-in-zaandam,PlusDierenklinieken De Saen,Zaandam,,,,,,,,
plusdierenklinieken-westerwatering-dierenarts-in-zaandam,PlusDierenklinieken Westerwatering,Zaandam,,,,,,,,
dierenartsenpraktijk-zaltbommel-dierenarts-in-zaltbommel,Dierenartsenpraktijk Zaltbommel,Zaltbommel,,,,,,,,
centrum-dierenarts-zeewolde-dierenarts-in-zeewolde,Centrum Dierenarts Zeewolde,Zeewolde,,,,,,,,
dierenartsenpraktijk-flevoland-dierenarts-in-zeewolde,Dierenartsenpraktijk Flevoland,Zeewolde,,,,,,,,
dierendokters-zeist-dierenarts-in-zeist,DierenDokters Zeist,Zeist,,,,,,,,
dierenkliniek-dijkshoorn-dierenarts-in-zeist,Dierenkliniek Dijkshoorn,Zeist,,,,,,,,
dierenkliniek-zeist-dierenarts-in-zeist,Dierenkliniek Zeist,Zeist,,,,,,,,
dierenartsenpraktijk-zelhem-locatie-zelhem-dierenarts-in-zelhem,Dierenartsenpraktijk Zelhem - locatie Zelhem,Zelhem,,,,,,,,
dierenkliniek-de-liemers-dierenarts-in-zevenaar,Dierenkliniek de Liemers,Zevenaar,,,,,,,,
dierenkliniek-zevenaar-dierenarts-in-zevenaar,Dierenkliniek Zevenaar,Zevenaar,,,,,,,,
dierenkliniek-tussen-mark-en-amer-dierenarts-in-zevenbergen,Dierenkliniek Tussen Mark en Amer,Zevenbergen,,,,,,,,
dierenkliniek-zevenhuizen-dierenarts-in-zevenhuizen,Dierenkliniek Zevenhuizen,Zevenhuizen,,,,,,,,
dierenartsenpraktijk-zoetermeer-dierenarts-in-zoetermeer,Dierenartsenpraktijk Zoetermeer,Zoetermeer,,,,,,,,
dierenkliniek-de-leyens-dierenarts-in-zoetermeer,Dierenkliniek de Leyens,Zoetermeer,,,,,,,,
dierenkliniek-driemere-dierenarts-in-zoetermeer,Dierenkliniek Driemere,Zoetermeer,,,,,,,,
dierenartsenpraktijk-zuidhorn-dierenarts-in-zuidhorn,Dierenartsenpraktijk Zuidhorn,Zuidhorn,,,,,,,,
dierenkliniek-zuidlaren-dierenarts-in-zuidlaren,Dierenkliniek Zuidlaren,Zuidlaren,,,,,,,,
dierenartsenpraktijk-de-wolden-zuidwolde-dierenarts-in-zuidwolde,Dierenartsenpraktijk de Wolden - Zuidwolde,Zuidwolde,,,,,,,,
barendrecht-dierenarts-in-zutphen,Barendrecht,Zutphen,,,,,,,,
de-graafschap-dierenartsen-dierenarts-in-zutphen,De Graafschap Dierenartsen,Zutphen,,,,,,,,
de-graafschap-dierenartsen-dierenarts-in-zutphen-2,De Graafschap Dierenartsen,Zutphen,,,,,,,,
de-graafschap-dierenartsen-locatie-zutphen-centrum-dierenarts-in-zutphen,De Graafschap Dierenartsen - locatie Zutphen Centrum,Zutphen,,,,,,,,
de-graafschap-dierenartsen-locatie-zutphen-leesten-dierenarts-in-zutphen,De Graafschap Dierenartsen - locatie Zutphen Leesten,Zutphen,,,,,,,,
basic-vets-locatie-zwijndrecht-dierenarts-in-zwijndrecht,Basic Vets - locatie Zwijndrecht,Zwijndrecht,,,,,,,,
dierenkliniek-ridderkerk-locatie-zwijndrecht-dierenarts-in-zwijndrecht,Dierenkliniek Ridderkerk - locatie Zwijndrecht,Zwijndrecht,,,,,,,,
de-kattenkliniek-van-zwolle-dierenarts-in-zwolle,De Kattenkliniek van Zwolle,Zwolle,,,,,,,,
dierenkliniek-de-beer-dierenarts-in-zwolle,Dierenkliniek De Beer,Zwolle,,,,,,,,
stadsdierenarts-zwolle-dierenarts-in-zwolle,Stadsdierenarts Zwolle,Zwolle,,,,,,,,
